X,Y,id_0,id,FacilityID,Full_Name,Reg_Rd_No,L_LADD,L_HADD,R_LADD,R_HADD,Left_Mun,Right_Mun,Status,Owner,Managed_By,LifeCycle,vertex_index,vertex_part,vertex_part_index,distance,angle,icon_url,auxiliary_storage_labeling_labelrotation
-79.2312955766403,43.0124756976286,"40","8","23208",Woodlawn Road,"41","0","0","0","0",Welland,Welland,Public Maintained Road,RMN,RMN,Active,"10","0","10",221.014098503822,252.057606855213,./0.png,
-79.2451158446559,42.9915229429981,"142","28","23247",Division Street,"527","16","90","15","93",Welland,Welland,Public Maintained Road,RMN,RMN,Active,"2","0","2",179.570154167701,75.262230591684,./0.png,
-79.0419653607844,42.9637282720318,"162","29","23568",Netherby Road,"25","2903","3351","3182","3350",Fort Erie,Fort Erie,Public Maintained Road,RMN,RMN,Active,"18","0","18",818.71752318916,268.725137279558,./0.png,
-79.1842931006138,42.9747350819029,"216","41","22425",Doans Ridge Road,"84","254","490","253","489",Welland,Welland,Public Maintained Road,RMN,RMN,Active,"8","0","8",1041.00969515516,178.343397203178,./0.png,
-79.2768998729889,43.0129068486699,"244","51","00613",Woodlawn Road,"41","445","445","390","406",Welland,Welland,Public Maintained Road,RMN,RMN,Active,"1","0","1",285.460496791988,267.906694522615,./0.png,
-79.1842931006138,42.9747350819029,"275","59","22424",Doans Ridge Road,"84","506","676","505","675",Welland,Welland,Public Maintained Road,RMN,RMN,Active,"0","0","0",0,178.275665806915,./0.png,
-79.2701101245076,43.0042652502937,"394","84","02228",Rice Road,"54","1","13","2","14",Welland,Welland,Public Maintained Road,RMN,RMN,Active,"3","0","3",58.8126495484545,353.609770548988,./0.png,
-79.2322863977766,42.9934919590697,"399","86","00117",East Main Street,"27","700","798","701","799",Welland,Welland,Public Maintained Road,RMN,RMN,Active,"1","0","1",85.7784869999915,88.6880306573547,./0.png,
-78.9187351335389,42.9129796317402,"447","95","15927",Central Avenue,"124","81","161","72","146",Fort Erie,Fort Erie,Public Maintained Road,RMN,RMN,Active,"8","0","8",318.767283125611,356.834770394797,./0.png,
-79.181170666004,42.9628435814361,"525","123","25814",Doans Ridge Road,"25","722","752","721","751",Welland,Welland,Public Maintained Road,RMN,RMN,Active,"1","0","1",48.8971705212573,297.392892500414,./0.png,
-79.1940221223483,42.9595799108619,"612","129","22441",Townline Tunnel Road,"525","0","0","0","0",Welland,Welland,Public Maintained Road,RMN,RMN,Active,"4","0","4",875.673445049736,91.0555571796262,./0.png,
-79.1843283986479,43.0221858532886,"616","131","22819",Moyer Road,"84","643","999","644","1000",Welland,Welland,Public Maintained Road,RMN,RMN,Active,"0","0","0",0,358.297709970588,./0.png,
-79.2664529986573,42.9623320854808,"620","132","23035",Humberstone Road,"33","235","257","270","270",Welland,Welland,Public Maintained Road,RMN,RMN,Active,"1","0","1",116.445704300633,269.560452085284,./0.png,
-79.1843283986479,43.0221858532886,"649","140","22820",Moyer Road,"84","447","641","446","642",Welland,Welland,Public Maintained Road,RMN,RMN,Active,"1","0","1",1064.5733621774,357.931985971461,./0.png,
-79.2498204551161,43.0205474473879,"691","146","22784",Niagara Street,"50","871","935","858","934",Welland,Welland,Public Maintained Road,RMN,RMN,Active,"2","0","2",195.213956769706,359.512092117393,./0.png,
-78.9130822820173,42.9205643194985,"694","147","23658",Gilmore Road,"19","1","39","2","38",Fort Erie,Fort Erie,Public Maintained Road,RMN,RMN,Active,"1","0","1",98.9262738458094,267.396190542883,./0.png,
-78.9242489401446,42.931409615992,"703","151","15492",Phipps Street,"21","277","335","278","332",Fort Erie,Fort Erie,Public Maintained Road,RMN,RMN,Active,"0","0","0",0,266.787146669934,./0.png,
-78.9259672714682,42.9203380983549,"707","153","15486",Gilmore Road,"19","279","297","284","298",Fort Erie,Fort Erie,Public Maintained Road,RMN,RMN,Active,"0","0","0",0,266.695038430244,./0.png,
-79.0415004983639,42.8851403990237,"729","161","14896",Dominion Road,"1","3375","3385","3370","3392",Fort Erie,Fort Erie,Public Maintained Road,RMN,RMN,Active,"1","0","1",81.6435664885976,267.924384123522,./0.png,
-78.9187351335389,42.9129796317402,"742","168","12714",Central Avenue,"124","163","209","148","212",Fort Erie,Fort Erie,Public Maintained Road,RMN,RMN,Active,"0","0","0",0,356.722747284216,./0.png,
-78.9259672714682,42.9203380983549,"799","190","15329",Gilmore Road,"19","271","277","270","282",Fort Erie,Fort Erie,Public Maintained Road,RMN,RMN,Active,"1","0","1",32.5967781531252,267.469828784158,./0.png,
-78.9242489401446,42.931409615992,"862","199","15317",Phipps Street,"21","63","275","52","276",Fort Erie,Fort Erie,Public Maintained Road,RMN,RMN,Active,"1","0","1",431.78382150273,266.909881192524,./0.png,
-78.9190703039448,42.9341041409709,"864","200","15552",Central Avenue,"124","635","663","636","662",Fort Erie,Fort Erie,Public Maintained Road,RMN,RMN,Active,"1","0","1",126.343514218721,356.836646544874,./0.png,
-78.9191288141334,42.905655711603,"874","205","15536",Garrison Road,"3","168","180","161","179",Fort Erie,Fort Erie,Public Maintained Road,RMN,RMN,Active,"1","0","1",55.5747338273231,268.009807075645,./0.png,
-79.2768998729889,43.0129068486699,"918","224","00614",Woodlawn Road,"41","0","0","0","0",Welland,Welland,Public Maintained Road,RMN,RMN,Active,"0","0","0",0,267.727819399047,./0.png,
-79.2628840954618,42.9874546976889,"935","229","19864",Riverside Drive,"27","31","47","40","46",Welland,Welland,Public Maintained Road,RMN,RMN,Active,"4","0","4",208.377193735551,207.794546232415,./0.png,
-79.1806299623896,43.04136397057,"1081","241","21470",Chippawa Creek Road,"63","1219","1395","1220","1386",Thorold,Thorold,Public Maintained Road,RMN,RMN,Active,"14","0","14",669.882725390328,282.185326670074,./0.png,
-78.9157813754541,42.9315876308787,"1099","247","23639",Phipps Street,"21","1","15","2","14",Fort Erie,Fort Erie,Public Maintained Road,RMN,RMN,Active,"1","0","1",80.6524777304732,267.000728838466,./0.png,
-78.9157813754541,42.9315876308787,"1102","249","23641",Phipps Street,"21","17","61","16","50",Fort Erie,Fort Erie,Public Maintained Road,RMN,RMN,Active,"0","0","0",0,267.001104787654,./0.png,
-78.9725096868581,42.9045217073547,"1133","260","15226",Garrison Road,"3","1555","1599","1554","1600",Fort Erie,Fort Erie,Public Maintained Road,RMN,RMN,Active,"0","0","0",0,265.963302237444,./0.png,
-78.9725096868581,42.9045217073547,"1136","261","15225",Garrison Road,"3","1475","1553","1476","1552",Fort Erie,Fort Erie,Public Maintained Road,RMN,RMN,Active,"1","0","1",159.760478973246,265.93720090787,./0.png,
-78.9190703039448,42.9341041409709,"1137","262","12694",Central Avenue,"124","665","681","664","680",Fort Erie,Fort Erie,Public Maintained Road,RMN,RMN,Active,"0","0","0",0,356.871116019572,./0.png,
-78.9471631106349,42.8860765823087,"1167","266","16088",Dominion Road,"1","817","951","818","950",Fort Erie,Fort Erie,Public Maintained Road,RMN,RMN,Active,"7","0","7",170.742547374131,295.874905066601,./0.png,
-79.0351449203224,42.9332290873469,"1193","270","15743",Bowen Road,"21","3013","3347","3012","3346",Fort Erie,Fort Erie,Public Maintained Road,RMN,RMN,Active,"2","0","2",536.96441232533,270.875768072148,./0.png,
-79.092416513945,42.9634174474272,"1220","275","11445",Netherby Road,"25","4713","4791","4712","4790",Fort Erie,Fort Erie,Public Maintained Road,RMN,RMN,Active,"0","0","0",0,268.229751113829,./0.png,
-79.092416513945,42.9634174474272,"1224","276","11444",Netherby Road,"25","4481","4711","4480","4710",Fort Erie,Fort Erie,Public Maintained Road,RMN,RMN,Active,"2","0","2",592.021268061457,268.826583449388,./0.png,
-79.2611221458974,42.8916434759677,"1236","278","06913",Killaly Street West,"5","250","258","271","281",Port Colborne,Port Colborne,Public Maintained Road,RMN,RMN,Active,"0","0","0",0,267.855829559415,./0.png,
-79.0415004983639,42.8851403990237,"1266","285","14772",Dominion Road,"1","3387","3583","3394","3600",Fort Erie,Fort Erie,Public Maintained Road,RMN,RMN,Active,"0","0","0",0,267.823876621058,./0.png,
-79.276888540686,42.8914680234503,"1344","301","21093",Main Street West,"3","682","736","701","737",Port Colborne,Port Colborne,Public Maintained Road,RMN,RMN,Active,"1","0","1",130.294551109895,268.207794455651,./0.png,
-79.1938602083121,42.9091066392252,"1518","355","21989",Miller Road,"84","1178","2000","1179","1999",Port Colborne,Port Colborne,Public Maintained Road,RMN,RMN,Active,"4","0","4",1547.0027019323,359.155973253428,./0.png,
-79.2611221458974,42.8916434759677,"1538","362","06990",Killaly Street West,"5","242","248","253","269",Port Colborne,Port Colborne,Public Maintained Road,RMN,RMN,Active,"1","0","1",85.1192519238388,268.304827407324,./0.png,
-79.0733373861204,43.1127698312936,"1547","367","10527",Bridge Street,"43","4806","4838","4817","4837",Niagara Falls,Niagara Falls,Public Maintained Road,RMN,RMN,Active,"0","0","0",0,267.478034197702,./0.png,
-79.2212168205117,42.9011851615279,"1564","375","07078",Main Street East,"3","72","130","71","123",Port Colborne,Port Colborne,Public Maintained Road,RMN,RMN,Active,"1","0","1",81.7010625701318,88.5534048079486,./0.png,
-79.0958432291111,43.1472173091798,"1653","390","08421",Niagara Townline Road,"61","5966","6210","6001","6209",Niagara Falls,Niagara-on-the-Lake,Public Maintained Road,RMN,RMN,Active,"0","0","0",0,266.176314732331,./0.png,
-79.1873937959098,42.9510400218139,"1688","392","21346",Miller Road,"84","4002","4298","4001","4299",Port Colborne,Port Colborne,Public Maintained Road,RMN,RMN,Active,"22","0","22",554.658500686179,35.9843807247464,./0.png,
-79.0860652108173,43.1124097425472,"1747","401","11960",Stanley Avenue,"102","4168","4234","4169","4233",Niagara Falls,Niagara Falls,Public Maintained Road,RMN,RMN,Active,"1","0","1",105.962747350391,178.012469193804,./0.png,
-79.0868963098106,43.1292746757516,"1848","428","12821",Stanley Avenue,"102","2950","2950","2957","2977",Niagara Falls,Niagara Falls,Public Maintained Road,RMN,RMN,Active,"1","0","1",117.452388941549,176.652617475901,./0.png,
-79.157950872199,42.9623318580283,"1881","443","13068",Netherby Road,"25","9208","9442","9207","9441",Niagara Falls,Niagara Falls,Public Maintained Road,RMN,RMN,Active,"1","0","1",374.303411517477,268.699532448508,./0.png,
-79.1098460895331,43.0705160682198,"1883","444","12379",McLeod Road,"49","6828","6840","6849","6873",Niagara Falls,Niagara Falls,Public Maintained Road,RMN,RMN,Active,"1","0","1",110.143629707386,266.524029363473,./0.png,
-79.1225288221926,42.9753024233097,"1885","445","12101",Montrose Road,"98","14050","14080","14049","14175",Niagara Falls,Niagara Falls,Public Maintained Road,RMN,RMN,Active,"1","0","1",253.588607483691,178.757685201202,./0.png,
-79.0995506550259,43.0894436099045,"1911","457","11035",Lundy's Lane,"20","6566","6604","6567","6601",Niagara Falls,Niagara Falls,Public Maintained Road,RMN,RMN,Active,"0","0","0",0,267.378677977664,./0.png,
-79.1098460895331,43.0705160682198,"2031","491","11298",McLeod Road,"49","6900","7036","6909","7037",Niagara Falls,Niagara Falls,Public Maintained Road,RMN,RMN,Active,"0","0","0",0,267.977520247429,./0.png,
-79.0958432291111,43.1472173091798,"2040","493","08420",Niagara Townline Road,"61","5674","5964","0","0",Niagara Falls,Niagara-on-the-Lake,Public Maintained Road,RMN,RMN,Active,"2","0","2",437.356874092111,267.350739863241,./0.png,
-79.6896372618298,43.1423746398612,"2101","502","24795",Highway 20,"20","9600","9898","9601","9899",West Lincoln,West Lincoln,Public Maintained Road,RMN,RMN,Active,"2","0","2",430.439634128414,285.941859958827,./0.png,
-79.1250060029655,43.1226419584533,"2151","506","30285",Montrose Road,"98","2600","3086","2525","3089",Niagara Falls,Niagara Falls,Public Maintained Road,RMN,RMN,Active,"24","0","24",1426.71886661482,173.925340661844,./0.png,
-79.1828855507161,43.1748834758376,"2186","509","08749",Niagara Stone Road,"55","30","96","29","79",Niagara-on-the-Lake,Niagara-on-the-Lake,Public Maintained Road,RMN,RMN,Active,"17","0","17",669.227258914091,41.4981106107952,./0.png,
-79.0873431446405,43.1446043007476,"2192","511","09640",Stanley Avenue,"102","1900","2060","1901","2061",Niagara Falls,Niagara Falls,Public Maintained Road,RMN,RMN,Active,"0","0","0",0,178.095847242757,./0.png,
-79.1485758642479,43.1347261854369,"2219","517","14063",Mountain Road,"101","8282","8958","8281","8959",Niagara Falls,Niagara Falls,Public Maintained Road,RMN,RMN,Active,"4","0","4",830.754071689219,265.945833552438,./0.png,
-79.1069329538102,43.2529243709521,"2320","536","01511",Lakeshore Road,"87","1582","1634","1583","1635",Niagara-on-the-Lake,Niagara-on-the-Lake,Public Maintained Road,RMN,RMN,Active,"3","0","3",255.916637190314,95.9082347037781,./0.png,
-79.1993643096347,43.084486460941,"2379","554","19753",Allanport Road,"82","2065","2399","2064","2400",Thorold,Thorold,Public Maintained Road,RMN,RMN,Active,"1","0","1",82.9741707578705,357.011103537522,./0.png,
-79.205872091648,43.1111728813906,"2388","555","19761",Beaverdams Road,"67","1483","1499","1482","1498",Thorold,Thorold,Public Maintained Road,RMN,RMN,Active,"4","0","4",83.5819939695922,243.325370606885,./0.png,
-79.3517337752242,43.0429304527907,"2392","557","19125",Highway 20 West,"20","700","798","701","799",Pelham,Pelham,Public Maintained Road,RMN,RMN,Active,"0","0","0",0,267.556008348572,./0.png,
-79.0581944943993,43.0304138462523,"2457","573","13055",Sodom Road,"116","9468","10098","9467","10099",Niagara Falls,Niagara Falls,Public Maintained Road,RMN,RMN,Active,"0","0","0",0,176.83606356043,./0.png,
-79.3517337752242,43.0429304527907,"2491","577","21941",Highway 20 West,"20","600","698","601","699",Pelham,Pelham,Public Maintained Road,RMN,RMN,Active,"4","0","4",842.441833243221,268.278189347036,./0.png,
-79.1510206711053,43.003491560592,"2512","581","11139",Schisler Road,"27","8652","9200","8651","9183",Niagara Falls,Niagara Falls,Public Maintained Road,RMN,RMN,Active,"4","0","4",626.057644708102,268.316647452323,./0.png,
-79.17533384746,43.0978326182411,"2538","587","14125",Thorold Townline Road,"70","2783","3199","4682","4900",Thorold,Niagara Falls,Public Maintained Road,RMN,RMN,Active,"2","0","2",392.414117717136,359.059303302867,./0.png,
-79.1011410885783,43.1415126862183,"2556","590","27750",St Paul Avenue,"100","1802","2036","1859","2035",Niagara Falls,Niagara Falls,Public Maintained Road,RMN,RMN,Active,"5","0","5",348.604774494188,181.59837473251,./0.png,
-79.2432829982942,43.1100942558933,"2670","613","30370",Merrittville Highway,"50","3201","3249","3202","3248",Thorold,Thorold,Public Maintained Road,RMN,RMN,Active,"1","0","1",289.682433022954,357.972049321286,./0.png,
-79.2150550448086,43.1101821896996,"2700","618","24156",Collier Road South,"56","0","0","0","0",Thorold,Thorold,Public Maintained Road,RMN,RMN,Active,"2","0","2",129.466703142481,177.141609069342,./0.png,
-79.2153829550102,43.1220007906516,"2712","623","06769",Collier Road South,"56","28","68","27","67",Thorold,Thorold,Public Maintained Road,RMN,RMN,Active,"0","0","0",0,177.945284044463,./0.png,
-79.2153829550102,43.1220007906516,"2715","624","06766",Collier Road South,"56","2","26","1","25",Thorold,Thorold,Public Maintained Road,RMN,RMN,Active,"1","0","1",94.5188224688117,177.829342761987,./0.png,
-79.2522084373689,43.085295319687,"2727","629","19294",Merrittville Highway,"50","2401","2629","2372","2630",Thorold,Thorold,Public Maintained Road,RMN,RMN,Active,"3","0","3",750.338189801364,357.776383828365,./0.png,
-79.1913339883518,43.212291284071,"2845","649","08471",Stewart Road,"86","708","902","709","903",Niagara-on-the-Lake,Niagara-on-the-Lake,Public Maintained Road,RMN,RMN,Active,"8","0","8",1072.3189895269,357.121411326455,./0.png,
-79.1814962082365,43.2255429061205,"2891","655","24232",Lakeshore Road,"87","364","428","365","427",Niagara-on-the-Lake,Niagara-on-the-Lake,Public Maintained Road,RMN,RMN,Active,"0","0","0",0,57.6954818482268,./0.png,
-79.1913339883518,43.212291284071,"2906","657","24238",Stewart Road,"86","904","1100","905","1101",Niagara-on-the-Lake,Niagara-on-the-Lake,Public Maintained Road,RMN,RMN,Active,"0","0","0",0,356.445753680042,./0.png,
-79.1687137014011,43.1723672013653,"2946","668","24221",Airport Road,"90","930","1140","1075","1075",Niagara-on-the-Lake,Niagara-on-the-Lake,Public Maintained Road,RMN,RMN,Active,"0","0","0",0,357.348352756664,./0.png,
-79.1037031532744,43.1553167234635,"2981","671","08591",Four Mile Creek Road,"100","156","216","155","215",Niagara-on-the-Lake,Niagara-on-the-Lake,Public Maintained Road,RMN,RMN,Active,"5","0","5",191.212374658516,16.6898555698113,./0.png,
-79.1785638309432,43.1576397826695,"3054","684","24377",Homer Road,"58","2","248","1","249",Niagara-on-the-Lake,Niagara-on-the-Lake,Public Maintained Road,RMN,RMN,Active,"4","0","4",860.867106593932,356.966053810532,./0.png,
-79.3073710698835,43.1493027707866,"3160","708","05727",Seventh Street Louth,"34","2020","2178","2021","2179",St. Catharines,St. Catharines,Public Maintained Road,RMN,RMN,Active,"2","0","2",537.492543652683,176.660970222531,./0.png,
-79.1034635854524,43.1774969321623,"3182","715","07539",Four Mile Creek Road,"100","574","726","575","727",Niagara-on-the-Lake,Niagara-on-the-Lake,Public Maintained Road,RMN,RMN,Active,"2","0","2",472.273889132869,345.836163971715,./0.png,
-79.13416198647,43.1574367205802,"3226","721","08616",York Road,"81","772","924","773","925",Niagara-on-the-Lake,Niagara-on-the-Lake,Public Maintained Road,RMN,RMN,Active,"4","0","4",850.18203750549,85.4652869646426,./0.png,
-79.13416198647,43.1574367205802,"3227","722","08624",York Road,"81","926","1116","927","1117",Niagara-on-the-Lake,Niagara-on-the-Lake,Public Maintained Road,RMN,RMN,Active,"0","0","0",0,86.6412498693644,./0.png,
-79.0883618716868,43.1585848204171,"3306","743","08648",York Road,"81","1506","1706","1507","1707",Niagara-on-the-Lake,Niagara-on-the-Lake,Public Maintained Road,RMN,RMN,Active,"2","0","2",607.304396042372,88.0669982125859,./0.png,
-79.0622525255829,43.1595308424831,"3323","746","08661",York Road,"81","1954","2114","1961","2115",Niagara-on-the-Lake,Niagara-on-the-Lake,Public Maintained Road,RMN,RMN,Active,"7","0","7",293.843261296667,69.3215622751614,./0.png,
-79.1760506469102,43.1621455953604,"3352","748","08669",York Road,"81","36","134","37","133",Niagara-on-the-Lake,Niagara-on-the-Lake,Public Maintained Road,RMN,RMN,Active,"5","0","5",286.425368404106,117.8755149615,./0.png,
-79.1113724480402,43.2052623841563,"3386","753","30288",Four Mile Creek Road,"100","1200","1348","1201","1339",Niagara-on-the-Lake,Niagara-on-the-Lake,Public Maintained Road,RMN,RMN,Active,"2","0","2",239.401653348276,336.663849863221,./0.png,
-79.3081023900446,43.1630332906102,"3403","756","03800",Seventh Street Louth,"34","1582","1766","1583","1765",St. Catharines,St. Catharines,Public Maintained Road,RMN,RMN,Active,"1","0","1",1048.42124812774,176.788749280739,./0.png,
-79.2815351545794,43.1848230737588,"3404","757","03797",Martindale Road,"38","0","0","0","0",St. Catharines,St. Catharines,Public Maintained Road,RMN,RMN,Active,"0","0","0",0,305.420519876907,./0.png,
-79.4737873893283,43.0416568258741,"3513","784","24681",Highway 20,"20","4600","5444","4601","5443",West Lincoln,West Lincoln,Public Maintained Road,RMN,RMN,Active,"3","0","3",1896.483619714,266.916661614691,./0.png,
-79.2702239837885,43.0436173446585,"3529","787","29922",Rice Road,"54","1400","1488","1401","1481",Pelham,Pelham,Public Maintained Road,RMN,RMN,Active,"1","0","1",312.763601197932,358.085714276629,./0.png,
-79.5204125037757,43.0827904748127,"3627","815","02776",St Catharines Street,"20","225","257","226","258",West Lincoln,West Lincoln,Public Maintained Road,RMN,RMN,Active,"0","0","0",0,123.793376043382,./0.png,
-79.2082522481629,43.1866741848132,"3632","817","07954",Carlton Street,"83","579","593","576","580",St. Catharines,St. Catharines,Public Maintained Road,RMN,RMN,Active,"1","0","1",175.623750504053,64.3907820569471,./0.png,
-79.3880397411015,43.0640552174249,"3652","823","05572",Victoria Avenue,"24","2128","2348","2101","2299",West Lincoln,Pelham,Public Maintained Road,RMN,RMN,Active,"0","0","0",0,357.675112613176,./0.png,
-79.5026246829169,43.0536953824583,"3664","829","30557",Highway 20,"20","1800","2182","1801","2183",West Lincoln,West Lincoln,Public Maintained Road,RMN,RMN,Active,"0","0","0",0,19.2071977296836,./0.png,
-79.3880397411015,43.0640552174249,"3714","837","05557",Victoria Avenue,"24","2104","2126","2067","2099",West Lincoln,Pelham,Public Maintained Road,RMN,RMN,Active,"1","0","1",172.072287471935,357.753174465257,./0.png,
-79.2259912170096,43.170764218261,"3744","849","02604",Welland Avenue,"77","331","333","372","378",St. Catharines,St. Catharines,Public Maintained Road,RMN,RMN,Active,"1","0","1",52.9854651871049,63.1878315371602,./0.png,
-79.2527897262131,43.1713372090657,"3759","857","04475",Carlton Street,"83","123","145","142","148",St. Catharines,St. Catharines,Public Maintained Road,RMN,RMN,Active,"0","0","0",0,61.2642976441739,./0.png,
-79.2527897262131,43.1713372090657,"3762","858","04474",Carlton Street,"83","117","121","128","140",St. Catharines,St. Catharines,Public Maintained Road,RMN,RMN,Active,"1","0","1",77.4039598464949,62.3590205092129,./0.png,
-79.2597164677536,43.1395013721362,"3806","879","03949",Louth Street,"72","103","135","104","140",St. Catharines,St. Catharines,Public Maintained Road,RMN,RMN,Active,"1","0","1",321.55423409481,357.176959874624,./0.png,
-79.2697712045221,43.200754745119,"3826","888","04385",Main Street,"87","25","47","32","48",St. Catharines,St. Catharines,Public Maintained Road,RMN,RMN,Active,"1","0","1",150.88294867165,227.358221602796,./0.png,
-79.2648242602045,43.1709411469337,"3854","901","20366",Ontario Street,"42","331","379","346","400",St. Catharines,St. Catharines,Public Maintained Road,RMN,RMN,Active,"0","0","0",0,343.160735970429,./0.png,
-79.2203883069178,43.125267012317,"3997","958","06062",Saint David's Road,"71","195","203","176","188",Thorold,St. Catharines,Public Maintained Road,RMN,RMN,Active,"1","0","1",178.960924103639,242.597035270527,./0.png,
-79.2370129139944,43.2073683252808,"4019","968","05388",Lakeshore Road,"87","161","179","174","184",St. Catharines,St. Catharines,Public Maintained Road,RMN,RMN,Active,"0","0","0",0,52.9816120578857,./0.png,
-79.2370129139944,43.2073683252808,"4022","969","05387",Lakeshore Road,"87","157","159","170","172",St. Catharines,St. Catharines,Public Maintained Road,RMN,RMN,Active,"1","0","1",54.4428612857885,55.174722044267,./0.png,
-79.239827896397,43.1478538928704,"4103","987","04983",Glenridge Avenue,"50","101","107","102","102",St. Catharines,St. Catharines,Public Maintained Road,RMN,RMN,Active,"0","0","0",0,171.975159838323,./0.png,
-79.239827896397,43.1478538928704,"4106","988","04982",Glenridge Avenue,"50","85","99","84","92",St. Catharines,St. Catharines,Public Maintained Road,RMN,RMN,Active,"1","0","1",137.784857114164,172.631483199083,./0.png,
-79.2597164677536,43.1395013721362,"4131","1001","05607",Louth Street,"72","0","0","0","0",St. Catharines,St. Catharines,Public Maintained Road,RMN,RMN,Active,"0","0","0",0,356.973067797091,./0.png,
-79.5721549118023,43.1931155278546,"4316","1049","17192",Main Street West,"81","151","245","144","242",Grimsby,Grimsby,Public Maintained Road,RMN,RMN,Active,"3","0","3",228.847762820896,270.133053046069,./0.png,
-79.2708434813765,43.1683300259188,"4356","1059","26858",Martindale Road,"38","133","149","132","158",St. Catharines,St. Catharines,Public Maintained Road,RMN,RMN,Active,"2","0","2",121.539907371835,325.913420775662,./0.png,
-79.2390286538577,43.1185145128961,"4366","1062","19384",Sir Isaac Brock Way,"71","0","0","0","0",St. Catharines,St. Catharines,Public Maintained Road,RMN,RMN,Active,"4","0","4",184.156680328904,211.841362580688,./0.png,
-79.2261446631304,43.1952482051199,"4374","1064","20353",Niagara Street,"48","533","585","528","590",St. Catharines,St. Catharines,Public Maintained Road,RMN,RMN,Active,"1","0","1",337.705354443603,24.1244568114108,./0.png,
-79.2393831496746,43.162924489088,"4379","1066","30522",Niagara Street,"48","0","0","8","32",St. Catharines,St. Catharines,Public Maintained Road,RMN,RMN,Active,"1","0","1",39.1010053070947,29.2826219102562,./0.png,
-79.4768612401098,43.1747399128824,"4395","1072","02858",Ontario Street,"18","4422","4474","4415","4475",Lincoln,Lincoln,Public Maintained Road,RMN,RMN,Active,"2","0","2",281.144935481557,356.736481059552,./0.png,
-79.6046954840476,43.0602821518458,"4485","1089","18258",Smithville Road,"14","2000","2298","2001","2299",West Lincoln,West Lincoln,Public Maintained Road,RMN,RMN,Active,"0","0","0",0,32.5930943480103,./0.png,
-79.2445293279514,43.1550580605627,"4657","1141","24949",Westchester Crescent,"91","0","0","0","0",St. Catharines,St. Catharines,Public Maintained Road,RMN,RMN,Active,"2","0","2",53.7331455589577,81.5727736824897,./0.png,
-79.2259912170096,43.170764218261,"4715","1151","25055",Welland Avenue,"77","335","339","380","382",St. Catharines,St. Catharines,Public Maintained Road,RMN,RMN,Active,"0","0","0",0,63.0164355745876,./0.png,
-79.6244451646952,43.0598185776065,"4762","1157","16195",Bismark Road,"65","7900","8498","7901","8499",West Lincoln,West Lincoln,Public Maintained Road,RMN,RMN,Active,"1","0","1",536.572192067241,297.549768459107,./0.png,
-79.2648242602045,43.1709411469337,"4798","1161","05009",Ontario Street,"42","311","329","308","344",St. Catharines,St. Catharines,Public Maintained Road,RMN,RMN,Active,"1","0","1",298.490886543598,343.354000532493,./0.png,
-79.2498634528343,43.14911216658,"4810","1165","04985",St. Paul Street West,"81","51","55","52","56",St. Catharines,St. Catharines,Public Maintained Road,RMN,RMN,Active,"0","0","0",0,232.913369312118,./0.png,
-79.3993209627363,43.0431231909209,"4834","1172","17129",Highway 20,"20","3400","3898","3401","3899",West Lincoln,West Lincoln,Public Maintained Road,RMN,RMN,Active,"7","0","7",924.252370068342,268.010392091333,./0.png,
-79.7188917022176,43.0773307081669,"4857","1174","16995",Caistorville Road,"2","1100","1398","1101","1399",West Lincoln,West Lincoln,Public Maintained Road,RMN,RMN,Active,"8","0","8",1074.07928627262,357.059453860524,./0.png,
-79.6961156095886,43.087200008697,"4891","1176","17002",Bismark Road,"65","9200","9598","9201","9599",West Lincoln,West Lincoln,Public Maintained Road,RMN,RMN,Active,"3","0","3",992.932655851427,295.865417820206,./0.png,
-79.3870258149887,43.0105290770642,"4926","1181","19953",Victoria Avenue,"24","700","920","665","899",West Lincoln,Pelham,Public Maintained Road,RMN,RMN,Active,"1","0","1",754.718044065787,357.593944810371,./0.png,
-79.7320726934872,43.1028541845961,"4956","1185","17693",Bismark Road,"65","9782","9800","9783","9799",West Lincoln,West Lincoln,Public Maintained Road,RMN,RMN,Active,"15","0","15",335.801493168863,346.750577934991,./0.png,
-79.5007372070869,43.0214070082728,"4982","1189","17330",Wellandport Road,"27","1002","1166","1001","1167",West Lincoln,West Lincoln,Public Maintained Road,RMN,RMN,Active,"4","0","4",806.513600714965,319.170476135614,./0.png,
-79.2142273914539,43.1586225646071,"5048","1201","16665",Queenston Street,"81","349","353","360","362",St. Catharines,St. Catharines,Public Maintained Road,RMN,RMN,Active,"1","0","1",22.1033816867124,93.790992659647,./0.png,
-79.6046954840476,43.0602821518458,"5169","1212","21808",Smithville Road,"14","1700","1998","1701","1999",West Lincoln,West Lincoln,Public Maintained Road,RMN,RMN,Active,"8","0","8",1337.090518536,32.7600970510859,./0.png,
-79.4768612401098,43.1747399128824,"5359","1233","17836",Ontario Street,"18","4476","4508","4477","4501",Lincoln,Lincoln,Public Maintained Road,RMN,RMN,Active,"0","0","0",0,356.524650744336,./0.png,
-79.2498634528343,43.14911216658,"5417","1243","30675",St. Paul Street West,"81","35","49","32","50",St. Catharines,St. Catharines,Public Maintained Road,RMN,RMN,Active,"4","0","4",150.254640267249,233.447709775891,./0.png,
-79.4004991909696,43.0955540199187,"5599","1272","25404",Twenty Mile Road,"69","3800","3856","3801","3857",West Lincoln,Lincoln,Public Maintained Road,RMN,RMN,Active,"0","0","0",0,267.247066637077,./0.png,
-79.2746140218476,43.1176297468681,"5684","1285","19238",Pelham Road,"69","0","0","1031","1129",St. Catharines,St. Catharines,Public Maintained Road,RMN,RMN,Active,"10","0","10",171.5446722589,231.570373710278,./0.png,
-79.282287889418,43.1762312343939,"5692","1286","20048",South Service Road,"40","49","59","0","0",St. Catharines,St. Catharines,Public Maintained Road,RMN,RMN,Active,"6","0","6",281.075266268845,255.094061836815,./0.png,
-79.3024210460982,43.1793246658176,"5694","1287","20051",North Service Road,"39","1600","1700","1601","1699",St. Catharines,St. Catharines,Public Maintained Road,RMN,RMN,Active,"1","0","1",284.988131713901,275.615822158913,./0.png,
-79.282287889418,43.1762312343939,"5712","1288","20063",South Service Road,"40","61","99","0","0",St. Catharines,St. Catharines,Public Maintained Road,RMN,RMN,Active,"0","0","0",0,257.333497551125,./0.png,
-79.2815351545794,43.1848230737588,"5733","1289","20075",Martindale Road,"38","0","0","0","0",St. Catharines,St. Catharines,Public Maintained Road,RMN,RMN,Active,"3","0","3",142.028103232913,306.006742621195,./0.png,
-79.2395398655565,43.157314612498,"5823","1302","20586",Geneva Street,"46","0","0","0","0",St. Catharines,St. Catharines,Public Maintained Road,RMN,RMN,Active,"1","0","1",43.7804758418972,342.769805375505,./0.png,
-79.2697712045221,43.200754745119,"5829","1304","20714",Main Street,"87","49","71","50","70",St. Catharines,St. Catharines,Public Maintained Road,RMN,RMN,Active,"0","0","0",0,227.004305879044,./0.png,
-79.2178026325781,43.1316464842582,"5884","1314","20765",Burleigh Hill Drive,"56","14","28","0","0",St. Catharines,St. Catharines,Public Maintained Road,RMN,RMN,Active,"14","0","14",418.016496418507,302.134046993372,./0.png,
-79.2049573484774,43.1403565862572,"6023","1342","20775",Glendale Avenue,"89","197","201","200","202",St. Catharines,St. Catharines,Public Maintained Road,RMN,RMN,Active,"2","0","2",43.0898848392839,86.1016476397484,./0.png,
-79.4791573994191,43.149503223887,"6104","1356","11673",Mountain Street,"18","3900","3904","3901","3909",Lincoln,Lincoln,Public Maintained Road,RMN,RMN,Active,"6","0","6",279.761407176524,18.2802607709952,./0.png,
-79.5965679092164,43.1986530021388,"6109","1358","02977",Casablanca Boulevard,"10","21","29","20","30",Grimsby,Grimsby,Public Maintained Road,RMN,RMN,Active,"2","0","2",190.910611536019,16.0401747047534,./0.png,180
-79.2853337632573,43.0013764919904,"6126","1362","26277",South Pelham Road,"36","481","599","482","598",Welland,Welland,Public Maintained Road,RMN,RMN,Active,"8","0","8",414.507544342597,358.618844325217,./0.png,
-79.2203883069178,43.125267012317,"6151","1370","21095",Saint David's Road,"71","205","223","190","202",Thorold,St. Catharines,Public Maintained Road,RMN,RMN,Active,"0","0","0",0,243.070788390325,./0.png,
-79.5965679092164,43.1986530021388,"6154","1371","02966",Casablanca Boulevard,"10","31","51","32","50",Grimsby,Grimsby,Public Maintained Road,RMN,RMN,Active,"0","0","0",0,17.746931123295,./0.png,180
-79.5770760733438,43.1978058687376,"6190","1380","00649",Livingston Avenue,"512","67","73","70","74",Grimsby,Grimsby,Public Maintained Road,RMN,RMN,Active,"0","0","0",0,284.622317483418,./0.png,
-79.6223894043283,43.2132484781421,"6251","1397","03734",South Service Road,"40","625","697","0","0",Grimsby,Grimsby,Public Maintained Road,RMN,RMN,Active,"1","0","1",625.585285268894,287.421642796222,./0.png,
-79.5253299161707,43.1869085583838,"6264","1401","25548",Bartlett Avenue,"14","1","19","2","10",Grimsby,Grimsby,Public Maintained Road,RMN,RMN,Active,"2","0","2",151.438113278512,19.3943008424156,./0.png,
-79.5152756570014,43.1843126945282,"6282","1406","25571",Main Street East,"81","329","335","330","338",Grimsby,Grimsby,Public Maintained Road,RMN,RMN,Active,"0","0","0",0,123.498315914236,./0.png,
-79.5152756570014,43.1843126945282,"6294","1408","25573",Main Street East,"81","323","327","322","328",Grimsby,Grimsby,Public Maintained Road,RMN,RMN,Active,"7","0","7",200.560931278482,123.390951574154,./0.png,
-79.5375092082415,43.1923705533578,"6309","1412","26852",South Service Road,"40","0","0","0","0",Grimsby,Grimsby,Public Maintained Road,RMN,RMN,Active,"2","0","2",683.023580051019,104.526658840434,./0.png,
-79.4004991909696,43.0955540199187,"6513","1431","25590",Twenty Mile Road,"69","3342","3798","3343","3799",West Lincoln,Lincoln,Public Maintained Road,RMN,RMN,Active,"19","0","19",1646.21342977513,266.145499378371,./0.png,
-79.3753728663191,43.1149725732925,"6741","1459","17483",Eighth Avenue,"669","2908","3098","2907","3099",Lincoln,Lincoln,Public Maintained Road,RMN,RMN,Active,"3","0","3",636.95504973665,267.565619083553,./0.png,
-79.2782694744726,42.9872415800396,"6804","1471","26372",Webber Road,"29","0","0","0","0",Welland,Welland,Public Maintained Road,RMN,RMN,Active,"6","0","6",173.049753547996,117.535596966465,./0.png,
-79.3384559308517,42.9451985207357,"6849","1481","03920",Forks Road,"23","41201","41399","41200","41398",Wainfleet,Wainfleet,Public Maintained Road,RMN,RMN,Active,"1","0","1",72.117331349125,267.598985257156,./0.png,
-79.2843339308032,42.9462964595799,"6868","1483","21072",Forks Road,"23","40101","40171","40100","40170",Wainfleet,Wainfleet,Public Maintained Road,RMN,RMN,Active,"10","0","10",258.303985190441,247.075168524822,./0.png,
-79.4371588782039,42.876260620781,"6941","1492","19633",Lakeshore Road,"3","13001","13199","13000","13198",Wainfleet,Wainfleet,Public Maintained Road,RMN,RMN,Active,"18","0","18",883.17306412536,281.845950142455,./0.png,
-79.4951681688106,42.9957196913101,"6948","1493","24830",Regional Road 45,"045","74201","74699","74200","74698",Wainfleet,Wainfleet,Public Maintained Road,RMN,RMN,Active,"6","0","6",407.983298758138,251.001670406237,./0.png,
-79.4787832908234,42.9996280106627,"7028","1497","19588",Regional Road 27,"27","73901","73999","73900","73998",Wainfleet,Wainfleet,Public Maintained Road,RMN,RMN,Active,"13","0","13",301.493689179708,133.169221029391,./0.png,
-79.3072448846793,42.9693890628442,"7049","1499","19425",Regional Road 27,"27","60601","60799","60600","60798",Wainfleet,Wainfleet,Public Maintained Road,RMN,RMN,Active,"0","0","0",0,280.145523151094,./0.png,
-79.4818247275604,42.9648119074441,"7107","1504","20078",Wellandport Road,"4","64080","64098","64081","64099",Wainfleet,Wainfleet,Public Maintained Road,RMN,RMN,Active,"3","0","3",80.9904714361328,23.6804753062298,./0.png,
-79.3072448846793,42.9693890628442,"7214","1512","20976",Regional Road 27,"27","60401","60599","60400","60598",Wainfleet,Wainfleet,Public Maintained Road,RMN,RMN,Active,"25","0","25",937.746335993131,279.158786553018,./0.png,
-79.5754872742634,42.9918199327789,"7266","1523","27106",Robinson Road,"15","75800","75898","75801","75899",Wainfleet,Wainfleet,Public Maintained Road,RMN,RMN,Active,"4","0","4",383.861048263885,28.4642059277014,./0.png,
-79.437927552899,43.0002061972758,"7296","1525","27170",Regional Road 27,"27","73001","73199","73000","73198",Wainfleet,Wainfleet,Public Maintained Road,RMN,RMN,Active,"20","0","20",793.663133625025,273.061011468001,./0.png,
-79.2639862486235,43.0537644910758,"7366","1535","27663",Highway 20,"20","2603","2879","2562","2880",Thorold,Thorold,Public Maintained Road,RMN,RMN,Active,"2","0","2",382.00407657171,237.936764702084,./0.png,
-78.941188981837,42.9256813901893,"7432","1540","28000",Thompson Road,"122","1799","1819","1732","1818",Fort Erie,Fort Erie,Public Maintained Road,RMN,RMN,Active,"2","0","2",67.0769167651051,350.762079760196,./0.png,
-79.5924355167455,42.9929852857945,"7488","1547","17135",Canborough Road,"63","7104","7370","7107","7369",West Lincoln,West Lincoln,Public Maintained Road,RMN,RMN,Active,"10","0","10",716.427672199916,271.945862826762,./0.png,
-79.6223894043283,43.2132484781421,"7490","1548","18107",South Service Road,"40","0","0","0","0",Grimsby,Grimsby,Public Maintained Road,RMN,RMN,Active,"0","0","0",0,287.367870031526,./0.png,
-79.6511606680874,43.0157053562602,"7498","1549","03866",Smithville Road,"14","500","526","475","525",West Lincoln,West Lincoln,Public Maintained Road,RMN,RMN,Active,"2","0","2",170.622167160454,40.6853836611837,./0.png,
-79.53353355497,42.9723151767432,"7504","1552","27110",Marshagan Road,"7","65000","65098","65001","65099",Wainfleet,Wainfleet,Public Maintained Road,RMN,RMN,Active,"0","0","0",0,14.3459383917771,./0.png,
-79.1101733816093,43.1380332025024,"7524","1553","28061",Mountain Road,"101","6632","6780","6631","6779",Niagara Falls,Niagara Falls,Public Maintained Road,RMN,RMN,Active,"8","0","8",169.968324670264,259.129237339487,./0.png,
-79.7118470119806,43.036716631385,"7606","1569","17081",Caistorville Road,"2","276","716","349","717",West Lincoln,West Lincoln,Public Maintained Road,RMN,RMN,Active,"6","0","6",261.506702566734,358.664966492188,./0.png,
-79.3763246285562,42.8851417998938,"7622","1571","20178",Station Road,"3","12020","12098","12021","12099",Wainfleet,Wainfleet,Public Maintained Road,RMN,RMN,Active,"5","0","5",1731.1972782824,358.130826401371,./0.png,
-79.6511606680874,43.0157053562602,"7663","1578","17084",Smithville Road,"14","528","640","527","639",West Lincoln,West Lincoln,Public Maintained Road,RMN,RMN,Active,"0","0","0",0,39.5717344538886,./0.png,
-78.9564246473717,42.9195171698408,"7694","1580","15808",Gilmore Road,"19","683","1199","700","1198",Fort Erie,Fort Erie,Public Maintained Road,RMN,RMN,Active,"17","0","17",1265.71397734609,265.742310129082,./0.png,
-79.2157005441108,43.0750870513978,"7746","1587","28246",Highway 20,"20","1721","1849","1722","1848",Thorold,Thorold,Public Maintained Road,RMN,RMN,Active,"0","0","0",0,241.102532385766,./0.png,
-79.2157005441108,43.0750870513978,"7750","1588","21303",Highway 20,"20","1701","1719","1700","1720",Thorold,Thorold,Public Maintained Road,RMN,RMN,Active,"1","0","1",226.519378466976,241.10226080302,./0.png,
-79.3878141776597,43.0354229775765,"7789","1597","24475",Victoria Avenue,"24","1168","1350","1247","1359",West Lincoln,Pelham,Public Maintained Road,RMN,RMN,Active,"1","0","1",487.501909388396,357.742352176688,./0.png,
-79.0419653607844,42.9637282720318,"7807","1601","14481",Netherby Road,"25","3353","3499","3352","3498",Fort Erie,Fort Erie,Public Maintained Road,RMN,RMN,Active,"0","0","0",0,268.710707583644,./0.png,
-79.3603217084714,43.1643148573686,"7822","1606","25286",Jordan Road,"26","4158","4190","4159","4215",Lincoln,Lincoln,Public Maintained Road,RMN,RMN,Active,"0","0","0",0,355.865572606876,./0.png,
-79.2963770228321,43.1245528974276,"7908","1614","28511",Fifth Street Louth,"28","2372","2754","2373","2753",St. Catharines,St. Catharines,Public Maintained Road,RMN,RMN,Active,"6","0","6",1192.51589381967,175.068427844825,./0.png,
-79.2700674335648,43.0208867160063,"8109","1642","22501",Rice Road,"54","313","399","388","400",Welland,Welland,Public Maintained Road,RMN,RMN,Active,"2","0","2",380.822159929413,359.341545020963,./0.png,
-79.2700674335648,43.0208867160063,"8110","1643","28428",Rice Road,"54","401","427","402","410",Welland,Welland,Public Maintained Road,RMN,RMN,Active,"0","0","0",0,359.34199301424,./0.png,
-79.0926493843865,43.2454756624795,"8124","1646","28456",Niagara Stone Road,"55","2146","2200","2147","2199",Niagara-on-the-Lake,Niagara-on-the-Lake,Public Maintained Road,RMN,RMN,Active,"2","0","2",234.897151354783,42.1939552500842,./0.png,
-79.0735238020813,43.1533919510508,"8154","1649","30348",Portage Road,"61","2","550","1","551",Niagara-on-the-Lake,Niagara-on-the-Lake,Public Maintained Road,RMN,RMN,Active,"22","0","22",1313.26820716356,68.5021903884444,./0.png,
-79.4665363358679,43.0075113136295,"8217","1653","24816",Canborough Road,"63","4700","4904","4701","4899",West Lincoln,West Lincoln,Public Maintained Road,RMN,RMN,Active,"18","0","18",1062.18371433434,238.562963494456,./0.png,
-79.3798877039926,43.0241715703698,"8223","1654","28527",Canborough Road,"63","3514","3898","3525","3899",West Lincoln,West Lincoln,Public Maintained Road,RMN,RMN,Active,"5","0","5",891.660668805094,255.940956098198,./0.png,
-79.205872091648,43.1111728813906,"8245","1657","30209",Beaverdams Road,"67","1501","1543","1500","1522",Thorold,Thorold,Public Maintained Road,RMN,RMN,Active,"0","0","0",0,246.445925990312,./0.png,
-79.437863759884,43.135088386051,"8279","1661","17567",Fly Road,"73","4208","4448","4207","4449",Lincoln,Lincoln,Public Maintained Road,RMN,RMN,Active,"1","0","1",333.457209816037,268.233420138733,./0.png,
-79.6484351621833,43.1627853096528,"8285","1664","03393",Mud Street West,"73","8232","8302","470","498",West Lincoln,Grimsby,Public Maintained Road,RMN,RMN,Active,"0","0","0",0,285.571240365506,./0.png,
-79.1899581477053,43.1835367812691,"8348","1676","28360",Stewart Road,"86","132","514","121","515",Niagara-on-the-Lake,Niagara-on-the-Lake,Public Maintained Road,RMN,RMN,Active,"7","0","7",749.641804312661,356.359656851889,./0.png,
-79.1687137014011,43.1723672013653,"8401","1682","08680",Airport Road,"90","0","0","0","0",Niagara-on-the-Lake,Niagara-on-the-Lake,Public Maintained Road,RMN,RMN,Active,"4","0","4",746.361342131144,356.893281486115,./0.png,
-79.1224467918622,43.0110746543875,"8412","1686","11316",Montrose Road,"98","11444","11780","11445","11855",Niagara Falls,Niagara Falls,Public Maintained Road,RMN,RMN,Active,"0","0","0",0,178.675425254512,./0.png,
-79.0551634458163,42.9106613111861,"8477","1696","15711",Gorham Road,"116","1109","1329","1110","1328",Fort Erie,Fort Erie,Public Maintained Road,RMN,RMN,Active,"6","0","6",463.823158446193,23.5100464631366,./0.png,
-79.0549274422803,42.9523685166761,"8484","1698","15869",Stevensville Road,"116","2709","2829","2710","2830",Fort Erie,Fort Erie,Public Maintained Road,RMN,RMN,Active,"4","0","4",433.970651932413,358.390034113639,./0.png,
-78.9401754199754,42.8990065045162,"8494","1700","23552",Helena Street,"122","441","1031","442","1030",Fort Erie,Fort Erie,Public Maintained Road,RMN,RMN,Active,"5","0","5",962.697178573632,358.102572714888,./0.png,
-79.3223468225837,43.1109041689061,"8567","1709","27764",Pelham Road,"69","0","0","1837","2025",Lincoln,Lincoln,Public Maintained Road,RMN,RMN,Active,"20","0","20",977.226523897584,258.22396569214,./0.png,
-79.2761826813666,42.9717323290764,"8619","1712","28497",Riverside Drive,"27","501","735","502","718",Welland,Welland,Public Maintained Road,RMN,RMN,Active,"1","0","1",45.6701522760555,237.309339391018,./0.png,
-79.2314837082483,43.0976458479202,"8709","1725","28236",Beaverdams Road,"67","1901","1999","1902","2000",Thorold,Thorold,Public Maintained Road,RMN,RMN,Active,"6","0","6",369.066026157154,242.113844178064,./0.png,
-79.3737082346951,43.1420596727813,"8758","1733","28224",King Street,"81","0","0","0","0",Lincoln,Lincoln,Public Maintained Road,RMN,RMN,Active,"0","0","0",0,297.56043203504,./0.png,
-79.7199445769813,43.0500401136949,"8872","1760","28296",York Road,"9","9576","9850","9577","9849",West Lincoln,West Lincoln,Public Maintained Road,RMN,RMN,Active,"1","0","1",83.0863191676717,257.264663532286,./0.png,
-79.7534312579284,43.0516705255706,"8918","1761","24797",York Road,"9","9852","10100","9851","10099",West Lincoln,West Lincoln,Public Maintained Road,RMN,RMN,Active,"6","0","6",978.712996050178,291.399743265196,./0.png,
-79.5630685024612,43.1923897431645,"8932","1765","21817",Christie Street,"12","9","57","10","56",Grimsby,Grimsby,Public Maintained Road,RMN,RMN,Active,"3","0","3",50.2584680482059,357.471753871392,./0.png,
-78.9557968548279,42.9322108871964,"9196","1814","15814",Bowen Road,"21","783","1351","784","1350",Fort Erie,Fort Erie,Public Maintained Road,RMN,RMN,Active,"6","0","6",827.72722827747,279.757698351376,./0.png,
-79.3913910547342,43.126803077903,"9295","1834","17505",Victoria Avenue,"24","3352","3398","3351","3399",Lincoln,Lincoln,Public Maintained Road,RMN,RMN,Active,"1","0","1",161.130433640591,356.798768926719,./0.png,
-79.157950872199,42.9623318580283,"9305","1839","28212",Netherby Road,"25","0","0","9443","9577",Niagara Falls,Niagara Falls,Public Maintained Road,RMN,RMN,Active,"0","0","0",0,268.649301121166,./0.png,
-79.0284583899489,42.9806932412581,"9316","1843","28270",Netherby Road,"25","0","0","0","0",Niagara Falls,Niagara Falls,Public Maintained Road,RMN,RMN,Active,"1","0","1",14.8006280946464,214.370524168189,./0.png,
-79.1963676629401,42.9964171397923,"9386","1860","28349",East Main Street,"27","0","0","0","0",Welland,Welland,Public Maintained Road,RMN,RMN,Active,"2","0","2",71.4565660991074,233.579347118775,./0.png,
-79.3833182312268,42.9798314955676,"9438","1867","28437",Regional Road 27,"27","72011","72179","72012","72178",Wainfleet,Wainfleet,Public Maintained Road,RMN,RMN,Active,"2","0","2",383.085637928993,303.104292712201,./0.png,
-79.3081023900446,43.1630332906102,"9481","1876","28493",Seventh Street Louth,"34","1768","1928","1767","1929",St. Catharines,St. Catharines,Public Maintained Road,RMN,RMN,Active,"0","0","0",0,176.625951679993,./0.png,
-79.3325676768425,43.179495466568,"9616","1898","28244",South Service Road,"40","2142","2198","0","0",Lincoln,Lincoln,Public Maintained Road,RMN,RMN,Active,"0","0","0",0,266.812110460557,./0.png,
-79.3325676768425,43.179495466568,"9622","1900","27739",South Service Road,"40","2086","2140","0","0",Lincoln,Lincoln,Public Maintained Road,RMN,RMN,Active,"2","0","2",444.639585893622,266.844278360744,./0.png,
-79.5512063179077,42.984326808672,"9690","1914","28251",Regional Road 45,"45","75101","75429","75100","75428",Wainfleet,Wainfleet,Public Maintained Road,RMN,RMN,Active,"22","0","22",1225.990406547,287.926397616073,./0.png,
-79.1488680409911,43.0316004934342,"9713","1917","13376",Lyons Creek Road,"47","6602","6820","6603","6819",Niagara Falls,Niagara Falls,Public Maintained Road,RMN,RMN,Active,"2","0","2",250.190400774256,250.379757314197,./0.png,
-79.2496438528204,43.0460485093602,"9766","1933","28386",Merrittville Highway,"50","1437","1599","1438","1600",Thorold,Thorold,Public Maintained Road,RMN,RMN,Active,"1","0","1",438.652296701081,358.687686736137,./0.png,
-79.25763809707,42.9770478245966,"9797","1942","28533",Prince Charles Drive South,"54","0","0","0","0",Welland,Welland,Public Maintained Road,RMN,RMN,Active,"1","0","1",9.40820450456508,176.153039421779,./0.png,
-79.1370983692342,43.210202484247,"9838","1949","08805",Niagara Stone Road,"55","672","950","671","951",Niagara-on-the-Lake,Niagara-on-the-Lake,Public Maintained Road,RMN,RMN,Active,"0","0","0",0,42.247179560013,./0.png,
-79.5295501296913,42.9930141418137,"9904","1965","17121",Canborough Road,"63","5702","5950","5703","5949",West Lincoln,West Lincoln,Public Maintained Road,RMN,RMN,Active,"13","0","13",411.062201484427,233.508227585484,./0.png,
-79.4665363358679,43.0075113136295,"9935","1969","28512",Canborough Road,"63","4906","4938","4901","4939",West Lincoln,West Lincoln,Public Maintained Road,RMN,RMN,Active,"0","0","0",0,238.562323291969,./0.png,
-79.1408639794468,43.0472726593526,"9962","1974","13138",Chippawa Creek Road,"63","8098","9196","8115","9155",Niagara Falls,Niagara Falls,Public Maintained Road,RMN,RMN,Active,"15","0","15",748.241447245379,228.292096116401,./0.png,
-79.5674611986103,43.0398763221695,"10043","1985","27167",Bismark Road,"65","6202","6498","6203","6499",West Lincoln,West Lincoln,Public Maintained Road,RMN,RMN,Active,"1","0","1",892.494234576648,267.681765343957,./0.png,
-79.341351368127,43.1534398953446,"10258","2026","25290",Fourth Avenue,"77","2522","2698","2521","2699",Lincoln,Lincoln,Public Maintained Road,RMN,RMN,Active,"1","0","1",131.984161329623,265.40217868099,./0.png,
-79.31334748622,43.1380432222757,"10388","2057","17030",King Street,"81","1868","1898","1867","1899",Lincoln,Lincoln,Public Maintained Road,RMN,RMN,Active,"9","0","9",158.503763380763,225.069189926606,./0.png,
-79.1683182350165,43.2009065924915,"10452","2069","28182",Carlton Street,"83","552","726","551","727",Niagara-on-the-Lake,Niagara-on-the-Lake,Public Maintained Road,RMN,RMN,Active,"2","0","2",150.29486114136,60.8084528116967,./0.png,
-79.1814962082365,43.2255429061205,"10590","2091","24239",Lakeshore Road,"87","342","362","343","363",Niagara-on-the-Lake,Niagara-on-the-Lake,Public Maintained Road,RMN,RMN,Active,"2","0","2",145.91037728016,61.0869035556528,./0.png,
-79.2496065186027,43.1335249852984,"10619","2097","28460",Glendale Avenue,"89","0","0","0","0",St. Catharines,St. Catharines,Public Maintained Road,RMN,RMN,Active,"2","0","2",49.1968172981536,83.4771526272717,./0.png,
-79.1322690831594,42.9166633157166,"10648","2106","28101",Wilhelm Road,"98","2214","2998","2213","2999",Port Colborne,Port Colborne,Public Maintained Road,RMN,RMN,Active,"2","0","2",305.793542014104,359.013003355299,./0.png,
-79.1227600971762,43.0394317716263,"10716","2123","12809",Montrose Road,"98","9400","9670","9401","9671",Niagara Falls,Niagara Falls,Public Maintained Road,RMN,RMN,Active,"1","0","1",63.4303620128545,178.644967151215,./0.png,
-79.1225288221926,42.9753024233097,"10770","2137","28154",Montrose Road,"98","14082","14698","14177","14699",Niagara Falls,Niagara Falls,Public Maintained Road,RMN,RMN,Active,"0","0","0",0,178.711980557778,./0.png,
-78.9187171250683,42.9253839705031,"10862","2171","16002",Central Avenue,"124","479","539","476","540",Fort Erie,Fort Erie,Public Maintained Road,RMN,RMN,Active,"0","0","0",0,355.978026802642,./0.png,
-79.3113625886744,42.9928731094862,"10875","2173","28068",Effingham Street,"529","60","230","59","229",Pelham,Pelham,Public Maintained Road,RMN,RMN,Active,"4","0","4",796.343585797136,359.349731731076,./0.png,
-79.539159011018,43.1173144892979,"10900","2179","11592",Thirty Road,"14","2458","3098","2901","3099",West Lincoln,West Lincoln,Public Maintained Road,RMN,RMN,Active,"3","0","3",706.403177481509,15.8818979265217,./0.png,
-79.0581944943993,43.0304138462523,"10922","2185","28562",Sodom Road,"116","9064","9466","9065","9465",Niagara Falls,Niagara Falls,Public Maintained Road,RMN,RMN,Active,"3","0","3",535.221079556707,176.503137995342,./0.png,
-79.6270191161808,43.2061107688735,"10928","2187","17351",Main Street West,"81","527","545","530","560",Grimsby,Grimsby,Public Maintained Road,RMN,RMN,Active,"2","0","2",144.872738526203,286.11744405078,./0.png,
-79.5668670918644,43.1689603329119,"10944","2188","03335",Mountain Road,"12","201","299","200","300",Grimsby,Grimsby,Public Maintained Road,RMN,RMN,Active,"4","0","4",963.134830655831,196.618764211298,./0.png,
-79.1722543061721,43.1595016899433,"11007","2198","19429",Taylor Road,"70","270","440","255","439",Niagara-on-the-Lake,Niagara-on-the-Lake,Public Maintained Road,RMN,RMN,Active,"14","0","14",458.466900673288,297.654388913834,./0.png,
-79.1232762651937,42.956121299753,"11029","2202","07154",Schihl Road,"98","4002","9280","4001","9279",Port Colborne,Port Colborne,Public Maintained Road,RMN,RMN,Active,"4","0","4",991.992653942959,359.179648994739,./0.png,
-79.1051404339814,43.1150514984032,"11068","2209","23123",Thorold Stone Road,"57","5154","5900","5601","5973",Niagara Falls,Niagara Falls,Public Maintained Road,RMN,RMN,Active,"3","0","3",245.725083198051,267.287891075487,./0.png,
-79.0868963098106,43.1292746757516,"11070","2210","23125",Stanley Avenue,"102","2960","3450","3265","3265",Niagara Falls,Niagara Falls,Public Maintained Road,RMN,RMN,Active,"0","0","0",0,176.97422945319,./0.png,
-79.1750031243695,43.0578188011395,"11086","2212","16863",Thorold Townline Road,"70","1313","1799","1314","1800",Thorold,Thorold,Public Maintained Road,RMN,RMN,Active,"8","0","8",1575.36013626462,358.671258866128,./0.png,
-79.3552775053018,42.9871877398335,"11103","2214","19147",Webber Road,"29","700","798","701","799",Pelham,Pelham,Public Maintained Road,RMN,RMN,Active,"1","0","1",221.932227071201,267.565248842355,./0.png,
-79.5860153867718,43.1252735728751,"11112","2215","02484",Grimsby Road,"12","3100","3298","3101","3299",West Lincoln,West Lincoln,Public Maintained Road,RMN,RMN,Active,"4","0","4",931.451656341742,16.4634207419401,./0.png,
-79.6484351621833,43.1627853096528,"11132","2218","03399",Mud Street West,"73","8100","8230","384","468",West Lincoln,Grimsby,Public Maintained Road,RMN,RMN,Active,"3","0","3",621.371547891601,285.570919013944,./0.png,
-79.3603217084714,43.1643148573686,"11141","2220","02482",Jordan Road,"26","4128","4156","4129","4155",Lincoln,Lincoln,Public Maintained Road,RMN,RMN,Active,"2","0","2",150.640187530645,356.344866968266,./0.png,
-79.3777954909858,42.9645979302639,"11157","2222","05724",Regional Road 24,"24","62000","62076","62001","62075",Wainfleet,Wainfleet,Public Maintained Road,RMN,RMN,Active,"1","0","1",179.595351015174,357.40102510222,./0.png,
-79.0860652108173,43.1124097425472,"11168","2225","23151",Stanley Avenue,"102","4236","4376","4235","4279",Niagara Falls,Niagara Falls,Public Maintained Road,RMN,RMN,Active,"0","0","0",0,177.588271295265,./0.png,
-79.0732813268599,43.1127702647462,"11173","2226","23156",Bridge Street,"43","4556","4784","4557","4799",Niagara Falls,Niagara Falls,Public Maintained Road,RMN,RMN,Active,"1","0","1",371.920537810074,268.141560999599,./0.png,
-79.0733373861204,43.1127698312936,"11174","2226","23156",Bridge Street,"43","4556","4784","4557","4799",Niagara Falls,Niagara Falls,Public Maintained Road,RMN,RMN,Active,"2","0","2",376.483103863948,268.078296752743,./0.png,
-78.9187171250683,42.9253839705031,"11215","2230","23100",Central Avenue,"124","353","477","352","474",Fort Erie,Fort Erie,Public Maintained Road,RMN,RMN,Active,"14","0","14",552.281163742874,355.81210341579,./0.png,
-79.0836815458152,43.0626463517093,"11223","2231","12881",Stanley Avenue,"102","7772","8070","7527","8069",Niagara Falls,Niagara Falls,Public Maintained Road,RMN,RMN,Active,"7","0","7",449.490313237648,179.209911282814,./0.png,
-79.3520854547177,43.1796306088674,"11274","2236","28205",North Service Road,"39","2480","2480","2167","2599",Lincoln,Lincoln,Public Maintained Road,RMN,RMN,Active,"6","0","6",1036.97553596225,267.449557331989,./0.png,
-79.5483098412822,43.0951690001299,"11314","2241","18337",Canborough Street,"14","125","255","126","260",West Lincoln,West Lincoln,Public Maintained Road,RMN,RMN,Active,"8","0","8",172.816059185258,207.188240723939,./0.png,
-79.361948551297,43.1071769330598,"11379","2253","24549",Twenty Road,"69","2780","2808","2777","2801",Lincoln,Lincoln,Public Maintained Road,RMN,RMN,Active,"2","0","2",168.672738259405,231.03721115473,./0.png,
-79.2589338846624,42.9885192990874,"11491","2274","23331",Prince Charles Drive North,"54","0","0","42","42",Welland,Welland,Public Maintained Road,RMN,RMN,Active,"8","0","8",501.80544500571,359.278806144988,./0.png,
-79.1673321060543,43.0855119586879,"11558","2286","13782",Lundy's Lane,"20","8444","8870","8279","8911",Niagara Falls,Niagara Falls,Public Maintained Road,RMN,RMN,Active,"15","0","15",791.110060802627,244.038257583048,./0.png,
-79.0551634458163,42.9106613111861,"11723","2308","28147",Stevensville Road,"116","1331","1639","1330","1638",Fort Erie,Fort Erie,Public Maintained Road,RMN,RMN,Active,"0","0","0",0,23.4010604064804,./0.png,
-79.395227893284,42.8708112440875,"11780","2312","24732",Lakeshore Road,"3","12201","12427","12200","12428",Wainfleet,Wainfleet,Public Maintained Road,RMN,RMN,Active,"22","0","22",913.965084111173,287.695063002124,./0.png,
-79.1673507203261,43.1396917827984,"11815","2318","23882",Taylor Road,"90","2202","2532","2203","2535",Niagara Falls,Niagara Falls,Public Maintained Road,RMN,RMN,Active,"2","0","2",33.6677353930565,176.791136604419,./0.png,
-79.1232025249404,43.0859870574034,"11854","2319","24076",Montrose Road,"98","5900","6198","5901","6199",Niagara Falls,Niagara Falls,Public Maintained Road,RMN,RMN,Active,"3","0","3",306.914025479644,177.712576522575,./0.png,
-79.067949091275,43.0474615083382,"11928","2325","29717",Lyons Creek Road,"47","0","0","4463","4901",Niagara Falls,Niagara Falls,Public Maintained Road,RMN,RMN,Active,"6","0","6",130.404760338369,245.160087094862,./0.png,
-79.3466472333395,42.9745855684271,"11946","2326","19135",River Road,"529","364","438","365","439",Pelham,Pelham,Public Maintained Road,RMN,RMN,Active,"6","0","6",472.635261762982,266.72487449155,./0.png,
-79.1985591785999,43.0525278969226,"11953","2328","22284",Allanport Road,"82","1801","2063","1802","2062",Thorold,Thorold,Public Maintained Road,RMN,RMN,Active,"1","0","1",163.251154341813,7.44026308195124,./0.png,
-79.2961651687456,43.1880610955684,"12122","2347","04575",Lakeshore Road West,"87","1001","1067","1000","1074",St. Catharines,St. Catharines,Public Maintained Road,RMN,RMN,Active,"4","0","4",678.717901575521,247.746200642627,./0.png,
-79.2082522481629,43.1866741848132,"12283","2366","07958",Carlton Street,"83","595","613","582","618",St. Catharines,St. Catharines,Public Maintained Road,RMN,RMN,Active,"0","0","0",0,63.875923912079,./0.png,
-79.3913910547342,43.126803077903,"12351","2375","02724",Victoria Avenue,"24","3400","3478","3401","3479",Lincoln,Lincoln,Public Maintained Road,RMN,RMN,Active,"0","0","0",0,356.80585409608,./0.png,
-79.4915829255948,43.0853875691228,"12388","2380","24678",Twenty Mile Road,"69","5208","5432","5203","5433",West Lincoln,West Lincoln,Public Maintained Road,RMN,RMN,Active,"10","0","10",772.558128355778,255.431699316391,./0.png,
-79.56359422597,43.113989690975,"12399","2381","24667",Highway 20,"20","7500","7648","7501","7649",West Lincoln,West Lincoln,Public Maintained Road,RMN,RMN,Active,"0","0","0",0,286.195693590489,./0.png,
-79.4791573994191,43.149503223887,"12484","2390","11672",Mountain Street,"18","3906","4002","3911","4001",Lincoln,Lincoln,Public Maintained Road,RMN,RMN,Active,"0","0","0",0,20.4877414103355,./0.png,
-79.5391734593423,43.1386809731591,"12733","2425","17255",Fly Road,"73","5568","5836","5569","5799",Lincoln,Lincoln,Public Maintained Road,RMN,RMN,Active,"1","0","1",363.3771215696,265.255396556115,./0.png,
-79.1693806181458,43.1138543458902,"12743","2427","30325",Thorold Stone Road,"57","8410","8472","8477","8793",Niagara Falls,Niagara Falls,Public Maintained Road,RMN,RMN,Active,"4","0","4",371.834873652432,266.741311168396,./0.png,
-79.4371588782039,42.876260620781,"12786","2435","03168",Lakeshore Road,"3","13201","13299","13200","13298",Wainfleet,Wainfleet,Public Maintained Road,RMN,RMN,Active,"0","0","0",0,281.218676077501,./0.png,
-79.0873431446405,43.1446043007476,"13051","2476","09639",Stanley Avenue,"102","1784","1898","1785","1899",Niagara Falls,Niagara Falls,Public Maintained Road,RMN,RMN,Active,"2","0","2",163.678731573013,178.818919563399,./0.png,
-79.2528260223018,42.9999080863833,"13093","2484","02273",Niagara Street,"50","319","333","318","332",Welland,Welland,Public Maintained Road,RMN,RMN,Active,"1","0","1",17.9013238062773,356.796741992724,./0.png,
-79.4145982519404,43.1675437146257,"13215","2502","17576",King Street,"81","3838","4054","3837","4053",Lincoln,Lincoln,Public Maintained Road,RMN,RMN,Active,"1","0","1",25.5682766726967,260.3759952879,./0.png,
-79.2322863977766,42.9934919590697,"13237","2505","00520",East Main Street,"27","800","814","801","817",Welland,Welland,Public Maintained Road,RMN,RMN,Active,"0","0","0",0,88.6575693243879,./0.png,
-78.9349578381265,42.9054146982501,"13241","2508","14436",Garrison Road,"3","467","527","468","542",Fort Erie,Fort Erie,Public Maintained Road,RMN,RMN,Active,"1","0","1",200.928022236993,266.625102084325,./0.png,
-79.2386756965627,43.1275394246354,"13249","2510","19441",Glenridge Avenue,"50","395","443","450","490",St. Catharines,St. Catharines,Public Maintained Road,RMN,RMN,Active,"3","0","3",54.6940369325621,180.806281864845,./0.png,
-79.2790552237658,43.1419105753862,"13372","2533","28978",St. Paul Street West,"81","1164","1230","1163","1241",St. Catharines,St. Catharines,Public Maintained Road,RMN,RMN,Active,"2","0","2",271.561517252132,257.036613444542,./0.png,
-79.2432829982942,43.1100942558933,"13375","2534","28979",Merrittville Highway,"50","3251","3299","3250","3298",Thorold,Thorold,Public Maintained Road,RMN,RMN,Active,"0","0","0",0,357.972065594634,./0.png,
-79.2150550448086,43.1101821896996,"13383","2536","21405",Collier Road South,"56","296","400","147","163",Thorold,Thorold,Public Maintained Road,RMN,RMN,Active,"0","0","0",0,176.650345496416,./0.png,
-79.2423934476837,43.0312981556158,"13432","2547","27880",Merritt Road,"37","0","0","0","0",Thorold,Thorold,Public Maintained Road,RMN,RMN,Active,"0","0","0",0,269.513262413451,./0.png,
-79.1624062897508,43.1602316811581,"13631","2568","29193",Glendale Avenue,"89","0","0","0","0",Niagara-on-the-Lake,Niagara-on-the-Lake,Public Maintained Road,RMN,RMN,Active,"2","0","2",30.0740702644931,18.5089989635812,./0.png,
-79.3941877034272,43.1745481624392,"14091","2667","29394",Victoria Avenue,"24","0","0","0","0",Lincoln,Lincoln,Public Maintained Road,RMN,RMN,Active,"1","0","1",4.17860275614929,24.121631286627,./0.png,
-79.2921219685386,43.154615644409,"15355","2943","29686",Fourth Avenue,"77","0","0","1235","1269",St. Catharines,St. Catharines,Public Maintained Road,RMN,RMN,Active,"1","0","1",11.0772817065304,280.774516934074,./0.png,
-79.2390286538577,43.1185145128961,"15399","2951","29696",Sir Isaac Brock Way,"71","0","0","1860","1860",St. Catharines,St. Catharines,Public Maintained Road,RMN,RMN,Active,"0","0","0",0,276.352046616437,./0.png,
-79.2423934476837,43.0312981556158,"15719","3008","30452",Merritt Road,"37","0","0","0","0",Thorold,Thorold,Public Maintained Road,RMN,RMN,Active,"6","0","6",364.185144330434,269.513305161734,./0.png,
-79.5037705891128,43.1896554659147,"7952","1620","11663",North Service Road,"39","5446","5598","5447","5599",Lincoln,Lincoln,Public Maintained Road,RMN,RMN,Active,"1","0","1",84.1657020523613,268.6087651725,./0.png,
